vreme_pokretanja,scale,baza,oznaka_upita,naziv_upita,broj_redova,broj_ponavljanja,min_ms,max_ms,prosek_ms,medijana_ms
2026-06-04T17:07:11,150,PostgreSQL,U1,Promet izmedju filijala,11,10,0.748,2.041,1.079,1.039
2026-06-04T17:07:11,150,Neo4j,U1,Promet izmedju filijala,11,10,3.074,4.19,3.546,3.536
2026-06-04T17:07:11,150,PostgreSQL,U2,Najaktivniji klijenti,5,10,1.04,1.2,1.095,1.082
2026-06-04T17:07:11,150,Neo4j,U2,Najaktivniji klijenti,5,10,4.818,9.215,5.758,5.331
2026-06-04T17:07:34,15000,PostgreSQL,U1,Promet izmedju filijala,20,10,6.075,7.462,6.498,6.266
2026-06-04T17:07:34,15000,Neo4j,U1,Promet izmedju filijala,20,10,20.643,35.232,23.383,21.727
2026-06-04T17:07:34,15000,PostgreSQL,U2,Najaktivniji klijenti,20,10,2.909,7.809,3.811,3.246
2026-06-04T17:07:34,15000,Neo4j,U2,Najaktivniji klijenti,20,10,921.467,1143.906,1040.453,1039.094
2026-06-04T17:07:53,100000,PostgreSQL,U1,Promet izmedju filijala,20,10,6.287,7.716,6.652,6.49
2026-06-04T17:07:53,100000,Neo4j,U1,Promet izmedju filijala,20,10,21.026,37.034,25.517,23.471
2026-06-04T17:07:53,100000,PostgreSQL,U2,Najaktivniji klijenti,20,10,3.295,7.298,4.709,4.244
2026-06-04T17:07:53,100000,Neo4j,U2,Najaktivniji klijenti,20,10,884.712,1047.171,961.84,965.32
2026-06-06T17:31:32,150,PostgreSQL,U1,Promet izmedju filijala,4,10,1.403,7.795,2.886,1.565
2026-06-06T17:31:32,150,Neo4j,U1,Promet izmedju filijala,4,10,2.567,5.212,3.621,3.642
2026-06-06T17:31:32,150,PostgreSQL,U2,Najaktivniji klijenti,4,10,1.248,8.945,3.321,2.316
2026-06-06T17:31:32,150,Neo4j,U2,Najaktivniji klijenti,4,10,4.856,14.622,8.724,7.736
2026-06-06T17:31:32,150,PostgreSQL,U3,Doseznost racuna,3,10,4.417,8.669,5.688,5.175
2026-06-06T17:31:32,150,Neo4j,U3,Doseznost racuna,3,10,2.357,5.942,3.397,2.714
2026-06-06T17:31:32,150,PostgreSQL,U4,Detekcija kruznih transakcija,7,10,13.559,18.964,15.495,14.92
2026-06-06T17:31:32,150,Neo4j,U4,Detekcija kruznih transakcija,6,10,34.634,40.224,36.754,36.348
2026-06-06T17:32:03,15000,PostgreSQL,U1,Promet izmedju filijala,20,10,9.89,17.155,12.113,11.752
2026-06-06T17:32:03,15000,Neo4j,U1,Promet izmedju filijala,20,10,22.85,56.203,31.497,27.521
2026-06-06T17:32:03,15000,PostgreSQL,U2,Najaktivniji klijenti,20,10,4.917,7.726,5.964,5.754
2026-06-06T17:32:03,15000,Neo4j,U2,Najaktivniji klijenti,20,10,13.606,23.809,15.616,14.343
2026-06-06T17:32:03,15000,PostgreSQL,U3,Doseznost racuna,3,10,86.306,174.004,99.923,88.191
2026-06-06T17:32:03,15000,Neo4j,U3,Doseznost racuna,3,10,15.884,18.92,17.242,17.098
2026-06-06T17:32:03,15000,PostgreSQL,U4,Detekcija kruznih transakcija,20,10,360.358,375.093,365.533,364.966
2026-06-06T17:32:03,15000,Neo4j,U4,Detekcija kruznih transakcija,20,10,79.902,105.128,88.382,83.729
2026-06-06T17:32:59,100000,PostgreSQL,U1,Promet izmedju filijala,20,10,46.418,76.671,52.567,48.836
2026-06-06T17:32:59,100000,Neo4j,U1,Promet izmedju filijala,20,10,151.775,285.884,177.549,163.307
2026-06-06T17:32:59,100000,PostgreSQL,U2,Najaktivniji klijenti,20,10,25.436,30.072,27.182,26.888
2026-06-06T17:32:59,100000,Neo4j,U2,Najaktivniji klijenti,20,10,76.552,101.317,84.001,78.859
2026-06-06T17:32:59,100000,PostgreSQL,U3,Doseznost racuna,3,10,130.866,167.112,147.592,145.79
2026-06-06T17:32:59,100000,Neo4j,U3,Doseznost racuna,3,10,101.959,179.242,133.235,130.173
2026-06-06T17:32:59,100000,PostgreSQL,U4,Detekcija kruznih transakcija,20,10,817.02,1114.121,926.109,904.304
2026-06-06T17:32:59,100000,Neo4j,U4,Detekcija kruznih transakcija,20,10,226.762,281.246,252.172,248.392
2026-06-08T13:09:35,150,PostgreSQL,U1,Promet izmedju filijala,4,10,1.487,3.948,2.197,1.924
2026-06-08T13:09:35,150,Neo4j,U1,Promet izmedju filijala,4,10,3.698,11.923,6.409,5.607
2026-06-08T13:09:35,150,PostgreSQL,U2,Najaktivniji klijenti,4,10,1.287,12.674,3.402,1.526
2026-06-08T13:09:35,150,Neo4j,U2,Najaktivniji klijenti,4,10,6.292,16.234,8.819,7.944
2026-06-08T13:09:35,150,PostgreSQL,U3,Doseznost racuna,3,10,4.357,9.51,5.511,4.981
2026-06-08T13:09:35,150,Neo4j,U3,Doseznost racuna,3,10,3.013,8.317,4.134,3.85
2026-06-08T13:09:35,150,PostgreSQL,U4,Detekcija kruznih transakcija,6,10,6.703,10.734,7.866,7.104
2026-06-08T13:09:35,150,Neo4j,U4,Detekcija kruznih transakcija,6,10,35.362,46.057,39.798,38.779
2026-06-08T13:10:07,15000,PostgreSQL,U1,Promet izmedju filijala,20,10,5.411,8.311,6.373,6.176
2026-06-08T13:10:07,15000,Neo4j,U1,Promet izmedju filijala,20,10,24.17,37.88,27.082,26.266
2026-06-08T13:10:07,15000,PostgreSQL,U2,Najaktivniji klijenti,20,10,4.81,8.461,5.626,5.05
2026-06-08T13:10:07,15000,Neo4j,U2,Najaktivniji klijenti,20,10,14.202,30.418,22.236,23.127
2026-06-08T13:10:07,15000,PostgreSQL,U3,Doseznost racuna,3,10,78.593,264.544,102.694,83.236
2026-06-08T13:10:07,15000,Neo4j,U3,Doseznost racuna,3,10,16.129,24.649,19.844,18.882
2026-06-08T13:10:07,15000,PostgreSQL,U4,Detekcija kruznih transakcija,20,10,620.873,868.216,680.756,668.756
2026-06-08T13:10:07,15000,Neo4j,U4,Detekcija kruznih transakcija,20,10,79.105,107.014,83.894,79.751
2026-06-08T13:11:09,100000,PostgreSQL,U1,Promet izmedju filijala,20,10,71.485,76.637,72.942,72.647
2026-06-08T13:11:09,100000,Neo4j,U1,Promet izmedju filijala,20,10,144.755,169.327,155.767,154.649
2026-06-08T13:11:09,100000,PostgreSQL,U2,Najaktivniji klijenti,20,10,25.725,1919.786,215.747,26.311
2026-06-08T13:11:09,100000,Neo4j,U2,Najaktivniji klijenti,20,10,76.627,174.356,104.978,92.448
2026-06-08T13:11:09,100000,PostgreSQL,U3,Doseznost racuna,3,10,138.721,162.977,149.718,151.214
2026-06-08T13:11:09,100000,Neo4j,U3,Doseznost racuna,3,10,90.033,137.658,102.153,98.293
2026-06-08T13:11:09,100000,PostgreSQL,U4,Detekcija kruznih transakcija,20,10,318.598,454.554,380.018,385.736
2026-06-08T13:11:09,100000,Neo4j,U4,Detekcija kruznih transakcija,20,10,304.99,388.422,330.635,327.568
